res,res_n,res_type,chi,peak_angles,peaks_n,areas_norm,chain
VAL A17,17,VAL,chi1,"[185.0, 300.0]",2,"[0.6038432606168365, 0.3961567393831635]",A
GLU A18,18,GLU,chi1,[290.0],1,[1.0],A
GLU A18,18,GLU,chi2,[165.0],1,[1.0],A
GLU A18,18,GLU,chi3,"[105.0, 295.0]",2,"[0.4681425529675595, 0.5318574470324404]",A
THR A19,19,THR,chi1,"[180.0, 295.0]",2,"[0.40991482513639754, 0.5900851748636025]",A
PHE A20,20,PHE,chi1,[300.0],1,[1.0],A
PHE A20,20,PHE,chi2,"[70.0, 250.0]",2,"[0.46182035984773867, 0.5381796401522613]",A
PHE A22,22,PHE,chi1,[275.0],1,[1.0],A
PHE A22,22,PHE,chi2,"[120.0, 290.0]",2,"[0.4952519386488766, 0.5047480613511234]",A
GLN A23,23,GLN,chi1,[285.0],1,[1.0],A
GLN A23,23,GLN,chi2,[160.0],1,[1.0],A
GLN A23,23,GLN,chi3,"[20.0, 195.0]",2,"[0.6560529703078299, 0.34394702969217006]",A
GLU A25,25,GLU,chi1,[290.0],1,[1.0],A
GLU A25,25,GLU,chi2,[70.0],1,[1.0],A
GLU A25,25,GLU,chi3,"[5.0, 170.0]",2,"[0.4145369488001386, 0.5854630511998615]",A
ILE A26,26,ILE,chi1,"[165.0, 290.0]",2,"[0.5354837392773126, 0.4645162607226874]",A
ILE A26,26,ILE,chi2,[60.0],1,[1.0],A
GLN A28,28,GLN,chi1,"[160.0, 285.0]",2,"[0.16345338101971224, 0.8365466189802878]",A
GLN A28,28,GLN,chi2,[155.0],1,[1.0],A
GLN A28,28,GLN,chi3,[195.0],1,[1.0],A
LEU A29,29,LEU,chi1,[165.0],1,[1.0],A
LEU A29,29,LEU,chi2,"[60.0, 185.0, 295.0]",3,"[0.38385588292304706, 0.5614096724171351, 0.05473444465981779]",A
MET A30,30,MET,chi1,[290.0],1,[1.0],A
MET A30,30,MET,chi2,[170.0],1,[1.0],A
MET A30,30,MET,chi3,[65.0],1,[1.0],A
SER A31,31,SER,chi1,"[170.0, 280.0]",2,"[0.5159213066847571, 0.48407869331524295]",A
LEU A32,32,LEU,chi1,[170.0],1,[1.0],A
LEU A32,32,LEU,chi2,"[140.0, 260.0]",2,"[0.617964338120859, 0.3820356618791409]",A
ILE A33,33,ILE,chi1,"[155.0, 280.0]",2,"[0.5688038912226399, 0.4311961087773602]",A
ILE A33,33,ILE,chi2,[165.0],1,[1.0],A
ILE A34,34,ILE,chi1,"[160.0, 285.0]",2,"[0.4499542479059619, 0.5500457520940382]",A
ILE A34,34,ILE,chi2,[155.0],1,[1.0],A
ASN A35,35,ASN,chi1,"[85.0, 155.0, 290.0]",3,"[0.04147118200688107, 0.06471608518866048, 0.8938127328044585]",A
ASN A35,35,ASN,chi2,"[125.0, 305.0]",2,"[0.49258402363196924, 0.5074159763680307]",A
THR A36,36,THR,chi1,"[185.0, 295.0]",2,"[0.2783559164622674, 0.7216440835377326]",A
PHE A37,37,PHE,chi1,[170.0],1,[1.0],A
PHE A37,37,PHE,chi2,"[75.0, 260.0]",2,"[0.4257197072377338, 0.5742802927622662]",A
TYR A38,38,TYR,chi1,[170.0],1,[1.0],A
TYR A38,38,TYR,chi2,"[80.0, 255.0]",2,"[0.5205866094019093, 0.4794133905980906]",A
SER A39,39,SER,chi1,[295.0],1,[1.0],A
ASN A40,40,ASN,chi1,[175.0],1,[1.0],A
ASN A40,40,ASN,chi2,"[25.0, 210.0]",2,"[0.5270807229700475, 0.4729192770299526]",A
LYS A41,41,LYS,chi1,[290.0],1,[1.0],A
LYS A41,41,LYS,chi2,"[170.0, 295.0]",2,"[0.9414561104072209, 0.05854388959277914]",A
LYS A41,41,LYS,chi3,[165.0],1,[1.0],A
LYS A41,41,LYS,chi4,"[30.0, 285.0]",2,"[0.03528845075255196, 0.9647115492474481]",A
GLU A42,42,GLU,chi1,[70.0],1,[1.0],A
GLU A42,42,GLU,chi2,[185.0],1,[1.0],A
GLU A42,42,GLU,chi3,"[25.0, 210.0]",2,"[0.4157585206847246, 0.5842414793152754]",A
ILE A43,43,ILE,chi1,"[60.0, 300.0]",2,"[0.5482427607304077, 0.4517572392695924]",A
ILE A43,43,ILE,chi2,[85.0],1,[1.0],A
PHE A44,44,PHE,chi1,"[70.0, 215.0, 320.0]",3,"[0.8310713601925549, 0.08806104865840651, 0.08086759114903859]",A
PHE A44,44,PHE,chi2,"[90.0, 270.0]",2,"[0.4300574239943256, 0.5699425760056744]",A
LEU A45,45,LEU,chi1,[185.0],1,[1.0],A
LEU A45,45,LEU,chi2,"[50.0, 175.0]",2,"[0.48204688883177715, 0.5179531111682228]",A
ARG A46,46,ARG,chi1,[145.0],1,[1.0],A
ARG A46,46,ARG,chi2,[200.0],1,[1.0],A
ARG A46,46,ARG,chi3,[75.0],1,[1.0],A
ARG A46,46,ARG,chi4,[195.0],1,[1.0],A
GLU A47,47,GLU,chi1,"[50.0, 295.0]",2,"[0.1887934507893484, 0.8112065492106516]",A
GLU A47,47,GLU,chi2,[295.0],1,[1.0],A
GLU A47,47,GLU,chi3,"[150.0, 320.0]",2,"[0.5030211758467945, 0.4969788241532055]",A
LEU A48,48,LEU,chi1,[295.0],1,[1.0],A
LEU A48,48,LEU,chi2,"[170.0, 295.0]",2,"[0.4805433917197452, 0.5194566082802548]",A
ILE A49,49,ILE,chi1,"[160.0, 285.0]",2,"[0.44364541367030125, 0.5563545863296987]",A
ILE A49,49,ILE,chi2,[165.0],1,[1.0],A
SER A50,50,SER,chi1,"[175.0, 270.0]",2,"[0.9002396519618895, 0.09976034803811053]",A
ASN A51,51,ASN,chi1,[285.0],1,[1.0],A
ASN A51,51,ASN,chi2,"[170.0, 345.0]",2,"[0.5659980129630506, 0.43400198703694937]",A
SER A52,52,SER,chi1,[285.0],1,[1.0],A
SER A53,53,SER,chi1,[175.0],1,[1.0],A
ASP A54,54,ASP,chi1,[280.0],1,[1.0],A
ASP A54,54,ASP,chi2,"[165.0, 345.0]",2,"[0.6631210813663512, 0.3368789186336489]",A
LEU A56,56,LEU,chi1,[275.0],1,[1.0],A
LEU A56,56,LEU,chi2,"[155.0, 275.0]",2,"[0.553490010670942, 0.44650998932905817]",A
ASP A57,57,ASP,chi1,[280.0],1,[1.0],A
ASP A57,57,ASP,chi2,[175.0],1,[1.0],A
LYS A58,58,LYS,chi1,[280.0],1,[1.0],A
LYS A58,58,LYS,chi2,"[80.0, 165.0]",2,"[0.02594686448155289, 0.9740531355184471]",A
LYS A58,58,LYS,chi3,[190.0],1,[1.0],A
LYS A58,58,LYS,chi4,[165.0],1,[1.0],A
ILE A59,59,ILE,chi1,"[60.0, 185.0]",2,"[0.510269726099714, 0.48973027390028606]",A
ILE A59,59,ILE,chi2,[55.0],1,[1.0],A
ARG A60,60,ARG,chi1,[175.0],1,[1.0],A
ARG A60,60,ARG,chi2,[160.0],1,[1.0],A
ARG A60,60,ARG,chi3,[275.0],1,[1.0],A
ARG A60,60,ARG,chi4,"[155.0, 330.0]",2,"[0.8449261438693407, 0.1550738561306593]",A
TYR A61,61,TYR,chi1,[170.0],1,[1.0],A
TYR A61,61,TYR,chi2,"[70.0, 250.0]",2,"[0.40025127323888077, 0.5997487267611192]",A
GLU A62,62,GLU,chi1,[285.0],1,[1.0],A
GLU A62,62,GLU,chi2,"[180.0, 275.0]",2,"[0.8927351870614282, 0.1072648129385718]",A
GLU A62,62,GLU,chi3,[175.0],1,[1.0],A
SER A63,63,SER,chi1,[70.0],1,[1.0],A
LEU A64,64,LEU,chi1,[285.0],1,[1.0],A
LEU A64,64,LEU,chi2,"[175.0, 295.0]",2,"[0.6158466142860038, 0.38415338571399615]",A
THR A65,65,THR,chi1,"[55.0, 290.0]",2,"[0.5099146494003385, 0.4900853505996615]",A
ASP A66,66,ASP,chi1,[175.0],1,[1.0],A
ASP A66,66,ASP,chi2,[175.0],1,[1.0],A
PRO A67,67,PRO,chi1,[340.0],1,[1.0],A
PRO A67,67,PRO,chi2,[20.0],1,[1.0],A
PRO A67,67,PRO,chi3,[330.0],1,[1.0],A
SER A68,68,SER,chi1,[65.0],1,[1.0],A
LYS A69,69,LYS,chi1,[285.0],1,[1.0],A
LYS A69,69,LYS,chi2,[275.0],1,[1.0],A
LYS A69,69,LYS,chi3,[185.0],1,[1.0],A
LYS A69,69,LYS,chi4,[140.0],1,[1.0],A
LEU A70,70,LEU,chi1,"[165.0, 300.0]",2,"[0.061672154687925536, 0.9383278453120744]",A
LEU A70,70,LEU,chi2,"[175.0, 295.0]",2,"[0.37424172060488203, 0.625758279395118]",A
ASP A71,71,ASP,chi1,[275.0],1,[1.0],A
ASP A71,71,ASP,chi2,[180.0],1,[1.0],A
SER A72,72,SER,chi1,[45.0],1,[1.0],A
LYS A74,74,LYS,chi1,"[75.0, 305.0]",2,"[0.2820373259794138, 0.7179626740205862]",A
LYS A74,74,LYS,chi2,[180.0],1,[1.0],A
LYS A74,74,LYS,chi3,[315.0],1,[1.0],A
LYS A74,74,LYS,chi4,[125.0],1,[1.0],A
GLU A75,75,GLU,chi1,"[195.0, 300.0]",2,"[0.6489191353082466, 0.35108086469175337]",A
GLU A75,75,GLU,chi2,[160.0],1,[1.0],A
GLU A75,75,GLU,chi3,"[55.0, 245.0]",2,"[0.46137953933371867, 0.5386204606662813]",A
LEU A76,76,LEU,chi1,[290.0],1,[1.0],A
LEU A76,76,LEU,chi2,"[190.0, 305.0]",2,"[0.4872857827919538, 0.5127142172080462]",A
HIS A77,77,HIS,chi1,[65.0],1,[1.0],A
HIS A77,77,HIS,chi2,"[160.0, 320.0]",2,"[0.5602627722845428, 0.43973722771545726]",A
ILE A78,78,ILE,chi1,"[170.0, 295.0]",2,"[0.523369705830414, 0.476630294169586]",A
ILE A78,78,ILE,chi2,[165.0],1,[1.0],A
ASN A79,79,ASN,chi1,[295.0],1,[1.0],A
ASN A79,79,ASN,chi2,"[150.0, 320.0]",2,"[0.48451649502792943, 0.5154835049720706]",A
LEU A80,80,LEU,chi1,[295.0],1,[1.0],A
LEU A80,80,LEU,chi2,"[175.0, 295.0]",2,"[0.35561712819810476, 0.6443828718018954]",A
ILE A81,81,ILE,chi1,"[185.0, 305.0]",2,"[0.522517109174346, 0.477482890825654]",A
ILE A81,81,ILE,chi2,[170.0],1,[1.0],A
PRO A82,82,PRO,chi1,[20.0],1,[1.0],A
PRO A82,82,PRO,chi2,[335.0],1,[1.0],A
PRO A82,82,PRO,chi3,[],0,[0],A
ASN A83,83,ASN,chi1,"[85.0, 180.0]",2,"[0.053882039592473674, 0.9461179604075263]",A
ASN A83,83,ASN,chi2,"[125.0, 305.0]",2,"[0.4829296822278541, 0.5170703177721458]",A
LYS A84,84,LYS,chi1,[285.0],1,[1.0],A
LYS A84,84,LYS,chi2,[175.0],1,[1.0],A
LYS A84,84,LYS,chi3,[185.0],1,[1.0],A
LYS A84,84,LYS,chi4,"[65.0, 190.0]",2,"[0.5577633104432355, 0.4422366895567644]",A
GLN A85,85,GLN,chi1,[295.0],1,[1.0],A
GLN A85,85,GLN,chi2,[65.0],1,[1.0],A
GLN A85,85,GLN,chi3,"[40.0, 225.0]",2,"[0.5641289538428363, 0.43587104615716366]",A
ASP A86,86,ASP,chi1,[295.0],1,[1.0],A
ASP A86,86,ASP,chi2,"[155.0, 335.0]",2,"[0.6266438248089624, 0.37335617519103753]",A
ARG A87,87,ARG,chi1,[200.0],1,[1.0],A
ARG A87,87,ARG,chi2,[185.0],1,[1.0],A
ARG A87,87,ARG,chi3,[280.0],1,[1.0],A
ARG A87,87,ARG,chi4,"[150.0, 290.0]",2,"[0.827939383382686, 0.17206061661731406]",A
THR A88,88,THR,chi1,"[55.0, 285.0]",2,"[0.5693500506111616, 0.43064994938883827]",A
LEU A89,89,LEU,chi1,[170.0],1,[1.0],A
LEU A89,89,LEU,chi2,"[60.0, 185.0]",2,"[0.4857109461749751, 0.5142890538250249]",A
THR A90,90,THR,chi1,"[180.0, 295.0]",2,"[0.42798059623311846, 0.5720194037668815]",A
ILE A91,91,ILE,chi1,"[175.0, 300.0]",2,"[0.4456963365085868, 0.5543036634914132]",A
ILE A91,91,ILE,chi2,[80.0],1,[1.0],A
VAL A92,92,VAL,chi1,"[175.0, 300.0]",2,"[0.5293820693653754, 0.47061793063462465]",A
ASP A93,93,ASP,chi1,[70.0],1,[1.0],A
ASP A93,93,ASP,chi2,"[60.0, 245.0]",2,"[0.5521003918698444, 0.44789960813015567]",A
THR A94,94,THR,chi1,"[50.0, 285.0]",2,"[0.589632278791832, 0.4103677212081679]",A
ILE A96,96,ILE,chi1,"[65.0, 195.0]",2,"[0.53251600187339, 0.46748399812661007]",A
ILE A96,96,ILE,chi2,[150.0],1,[1.0],A
MET A98,98,MET,chi1,[290.0],1,[1.0],A
MET A98,98,MET,chi2,[170.0],1,[1.0],A
MET A98,98,MET,chi3,"[65.0, 270.0]",2,"[0.039482867112865395, 0.9605171328871346]",A
THR A99,99,THR,chi1,"[55.0, 295.0]",2,"[0.6244416712039664, 0.3755583287960335]",A
LYS A100,100,LYS,chi1,[185.0],1,[1.0],A
LYS A100,100,LYS,chi2,[180.0],1,[1.0],A
LYS A100,100,LYS,chi3,[170.0],1,[1.0],A
LYS A100,100,LYS,chi4,[185.0],1,[1.0],A
ASP A102,102,ASP,chi1,[280.0],1,[1.0],A
ASP A102,102,ASP,chi2,"[145.0, 320.0]",2,"[0.4295358441108831, 0.5704641558891169]",A
LEU A103,103,LEU,chi1,[275.0],1,[1.0],A
LEU A103,103,LEU,chi2,"[165.0, 290.0]",2,"[0.3595220221506946, 0.6404779778493054]",A
ILE A104,104,ILE,chi1,"[165.0, 295.0]",2,"[0.4488390983946656, 0.5511609016053344]",A
ILE A104,104,ILE,chi2,[160.0],1,[1.0],A
ASN A105,105,ASN,chi1,"[190.0, 255.0]",2,"[0.4823176780092294, 0.5176823219907706]",A
ASN A105,105,ASN,chi2,"[100.0, 270.0]",2,"[0.4515099537397994, 0.5484900462602006]",A
ASN A106,106,ASN,chi1,[290.0],1,[1.0],A
ASN A106,106,ASN,chi2,"[120.0, 305.0]",2,"[0.44553640285970353, 0.5544635971402965]",A
LEU A107,107,LEU,chi1,[295.0],1,[1.0],A
LEU A107,107,LEU,chi2,"[95.0, 225.0]",2,"[0.5660040947999063, 0.4339959052000937]",A
THR A109,109,THR,chi1,"[65.0, 285.0]",2,"[0.6194820605891387, 0.3805179394108613]",A
ILE A110,110,ILE,chi1,"[45.0, 280.0]",2,"[0.4998973687924155, 0.5001026312075845]",A
ILE A110,110,ILE,chi2,[155.0],1,[1.0],A
LYS A112,112,LYS,chi1,[180.0],1,[1.0],A
LYS A112,112,LYS,chi2,[165.0],1,[1.0],A
LYS A112,112,LYS,chi3,[160.0],1,[1.0],A
LYS A112,112,LYS,chi4,[165.0],1,[1.0],A
SER A113,113,SER,chi1,[55.0],1,[1.0],A
THR A115,115,THR,chi1,"[170.0, 290.0]",2,"[0.37949503388099876, 0.6205049661190011]",A
LYS A116,116,LYS,chi1,"[55.0, 175.0]",2,"[0.07744814177611796, 0.9225518582238821]",A
LYS A116,116,LYS,chi2,[175.0],1,[1.0],A
LYS A116,116,LYS,chi3,[155.0],1,[1.0],A
LYS A116,116,LYS,chi4,[30.0],1,[1.0],A
PHE A118,118,PHE,chi1,[175.0],1,[1.0],A
PHE A118,118,PHE,chi2,"[35.0, 210.0]",2,"[0.5188417294724317, 0.48115827052756843]",A
MET A119,119,MET,chi1,[275.0],1,[1.0],A
MET A119,119,MET,chi2,[165.0],1,[1.0],A
MET A119,119,MET,chi3,[175.0],1,[1.0],A
GLU A120,120,GLU,chi1,[290.0],1,[1.0],A
GLU A120,120,GLU,chi2,[185.0],1,[1.0],A
GLU A120,120,GLU,chi3,"[40.0, 185.0, 315.0]",3,"[0.3059150671382049, 0.34261479746563767, 0.3514701353961574]",A
LEU A122,122,LEU,chi1,[280.0],1,[1.0],A
LEU A122,122,LEU,chi2,"[175.0, 285.0]",2,"[0.3963320262066865, 0.6036679737933136]",A
GLN A123,123,GLN,chi1,"[80.0, 280.0]",2,"[0.2961699708661977, 0.7038300291338023]",A
GLN A123,123,GLN,chi2,"[170.0, 315.0]",2,"[0.14248002616455635, 0.8575199738354436]",A
GLN A123,123,GLN,chi3,[],0,[0],A
ASP A127,127,ASP,chi1,[50.0],1,[1.0],A
ASP A127,127,ASP,chi2,"[95.0, 275.0]",2,"[0.46649781970552473, 0.5335021802944753]",A
ILE A128,128,ILE,chi1,"[165.0, 275.0]",2,"[0.5135130112675532, 0.48648698873244683]",A
ILE A128,128,ILE,chi2,[155.0],1,[1.0],A
SER A129,129,SER,chi1,[75.0],1,[1.0],A
MET A130,130,MET,chi1,[305.0],1,[1.0],A
MET A130,130,MET,chi2,[165.0],1,[1.0],A
MET A130,130,MET,chi3,[55.0],1,[1.0],A
ILE A131,131,ILE,chi1,"[60.0, 190.0]",2,"[0.5227634930793459, 0.47723650692065406]",A
ILE A131,131,ILE,chi2,[160.0],1,[1.0],A
GLN A133,133,GLN,chi1,[280.0],1,[1.0],A
GLN A133,133,GLN,chi2,"[175.0, 295.0]",2,"[0.8706571044829071, 0.12934289551709283]",A
GLN A133,133,GLN,chi3,"[45.0, 250.0]",2,"[0.37708363322297395, 0.622916366777026]",A
PHE A134,134,PHE,chi1,[295.0],1,[1.0],A
PHE A134,134,PHE,chi2,"[85.0, 270.0]",2,"[0.5435443810646404, 0.45645561893535963]",A
VAL A136,136,VAL,chi1,"[45.0, 280.0]",2,"[0.500096122312816, 0.4999038776871841]",A
PHE A138,138,PHE,chi1,[165.0],1,[1.0],A
PHE A138,138,PHE,chi2,"[70.0, 250.0]",2,"[0.5567300794316188, 0.4432699205683813]",A
TYR A139,139,TYR,chi1,[295.0],1,[1.0],A
TYR A139,139,TYR,chi2,"[80.0, 270.0]",2,"[0.48317993164570666, 0.5168200683542935]",A
SER A140,140,SER,chi1,[65.0],1,[1.0],A
TYR A142,142,TYR,chi1,[285.0],1,[1.0],A
TYR A142,142,TYR,chi2,"[90.0, 270.0]",2,"[0.5346713585706834, 0.4653286414293166]",A
LEU A143,143,LEU,chi1,[280.0],1,[1.0],A
LEU A143,143,LEU,chi2,"[160.0, 290.0]",2,"[0.4735445797224733, 0.5264554202775267]",A
VAL A144,144,VAL,chi1,"[65.0, 295.0]",2,"[0.535652455574047, 0.46434754442595305]",A
GLU A146,146,GLU,chi1,[50.0],1,[1.0],A
GLU A146,146,GLU,chi2,[190.0],1,[1.0],A
GLU A146,146,GLU,chi3,[200.0],1,[1.0],A
LYS A147,147,LYS,chi1,[175.0],1,[1.0],A
LYS A147,147,LYS,chi2,[170.0],1,[1.0],A
LYS A147,147,LYS,chi3,[65.0],1,[1.0],A
LYS A147,147,LYS,chi4,[180.0],1,[1.0],A
VAL A148,148,VAL,chi1,"[175.0, 300.0]",2,"[0.5704530844262669, 0.42954691557373315]",A
THR A149,149,THR,chi1,"[180.0, 300.0]",2,"[0.3509026165631451, 0.649097383436855]",A
VAL A150,150,VAL,chi1,"[175.0, 295.0]",2,"[0.5030514230343546, 0.4969485769656455]",A
ILE A151,151,ILE,chi1,"[180.0, 300.0]",2,"[0.5752909812081409, 0.42470901879185907]",A
ILE A151,151,ILE,chi2,[285.0],1,[1.0],A
THR A152,152,THR,chi1,"[75.0, 190.0]",2,"[0.39957685166649, 0.60042314833351]",A
LYS A153,153,LYS,chi1,[175.0],1,[1.0],A
LYS A153,153,LYS,chi2,[65.0],1,[1.0],A
LYS A153,153,LYS,chi3,[175.0],1,[1.0],A
LYS A153,153,LYS,chi4,"[60.0, 250.0]",2,"[0.9314108129007784, 0.0685891870992216]",A
HIS A154,154,HIS,chi1,[175.0],1,[1.0],A
HIS A154,154,HIS,chi2,"[110.0, 280.0]",2,"[0.46270869906248835, 0.5372913009375117]",A
ASN A155,155,ASN,chi1,[280.0],1,[1.0],A
ASN A155,155,ASN,chi2,"[150.0, 320.0]",2,"[0.43062937343090657, 0.5693706265690934]",A
ASP A156,156,ASP,chi1,"[90.0, 295.0]",2,"[0.19573823778632846, 0.8042617622136716]",A
ASP A156,156,ASP,chi2,"[160.0, 330.0]",2,"[0.4676043328575026, 0.5323956671424974]",A
ASP A157,157,ASP,chi1,"[205.0, 280.0]",2,"[0.8480382217265676, 0.15196177827343235]",A
ASP A157,157,ASP,chi2,"[155.0, 340.0]",2,"[0.5671109497716447, 0.43288905022835533]",A
GLU A158,158,GLU,chi1,"[25.0, 290.0]",2,"[0.24538291534544054, 0.7546170846545595]",A
GLU A158,158,GLU,chi2,"[155.0, 290.0]",2,"[0.19983268468337395, 0.8001673153166261]",A
GLU A158,158,GLU,chi3,"[120.0, 290.0]",2,"[0.608292227702973, 0.3917077722970271]",A
GLN A159,159,GLN,chi1,[185.0],1,[1.0],A
GLN A159,159,GLN,chi2,[165.0],1,[1.0],A
GLN A159,159,GLN,chi3,"[130.0, 305.0]",2,"[0.4812218229973027, 0.5187781770026972]",A
TYR A160,160,TYR,chi1,[280.0],1,[1.0],A
TYR A160,160,TYR,chi2,"[100.0, 275.0]",2,"[0.5981951169642277, 0.4018048830357723]",A
TRP A162,162,TRP,chi1,[175.0],1,[1.0],A
TRP A162,162,TRP,chi2,"[100.0, 275.0]",2,"[0.47324807516638384, 0.5267519248336161]",A
GLU A163,163,GLU,chi1,"[100.0, 185.0]",2,"[0.13522824275435957, 0.8647717572456405]",A
GLU A163,163,GLU,chi2,[150.0],1,[1.0],A
GLU A163,163,GLU,chi3,"[65.0, 260.0]",2,"[0.411233148295004, 0.588766851704996]",A
SER A164,164,SER,chi1,[175.0],1,[1.0],A
SER A165,165,SER,chi1,"[45.0, 290.0]",2,"[0.041338337832993115, 0.9586616621670069]",A
SER A169,169,SER,chi1,[70.0],1,[1.0],A
PHE A170,170,PHE,chi1,[50.0],1,[1.0],A
PHE A170,170,PHE,chi2,"[90.0, 265.0]",2,"[0.5034574331858424, 0.49654256681415754]",A
THR A171,171,THR,chi1,"[60.0, 300.0]",2,"[0.6127079519513388, 0.38729204804866124]",A
VAL A172,172,VAL,chi1,"[170.0, 300.0]",2,"[0.4353405122945816, 0.5646594877054184]",A
ARG A173,173,ARG,chi1,[55.0],1,[1.0],A
ARG A173,173,ARG,chi2,[165.0],1,[1.0],A
ARG A173,173,ARG,chi3,[170.0],1,[1.0],A
ARG A173,173,ARG,chi4,[80.0],1,[1.0],A
THR A174,174,THR,chi1,"[60.0, 215.0, 290.0]",3,"[0.18905576493421503, 0.17337117194376117, 0.6375730631220238]",A
ASP A175,175,ASP,chi1,[170.0],1,[1.0],A
ASP A175,175,ASP,chi2,"[50.0, 235.0]",2,"[0.4228770166068643, 0.5771229833931357]",A
THR A176,176,THR,chi1,"[80.0, 330.0]",2,"[0.1339358399448086, 0.8660641600551914]",A
GLU A178,178,GLU,chi1,"[235.0, 315.0]",2,"[0.6916159832581257, 0.3083840167418743]",A
GLU A178,178,GLU,chi2,"[110.0, 300.0]",2,"[0.15335870021267672, 0.8466412997873233]",A
GLU A178,178,GLU,chi3,"[90.0, 325.0]",2,"[0.29693454145143533, 0.7030654585485646]",A
PRO A179,179,PRO,chi1,[15.0],1,[1.0],A
PRO A179,179,PRO,chi2,"[60.0, 325.0]",2,"[0.10302566066641133, 0.8969743393335887]",A
PRO A179,179,PRO,chi3,[15.0],1,[1.0],A
MET A180,180,MET,chi1,"[60.0, 340.0]",2,"[0.7681336331513009, 0.231866366848699]",A
MET A180,180,MET,chi2,[190.0],1,[1.0],A
MET A180,180,MET,chi3,"[285.0, 335.0]",2,"[0.7110309150610247, 0.2889690849389753]",A
ARG A182,182,ARG,chi1,[185.0],1,[1.0],A
ARG A182,182,ARG,chi2,[200.0],1,[1.0],A
ARG A182,182,ARG,chi3,[45.0],1,[1.0],A
ARG A182,182,ARG,chi4,[235.0],1,[1.0],A
THR A184,184,THR,chi1,"[175.0, 295.0]",2,"[0.3775270084542885, 0.6224729915457115]",A
LYS A185,185,LYS,chi1,"[160.0, 295.0]",2,"[0.525664209208513, 0.474335790791487]",A
LYS A185,185,LYS,chi2,[185.0],1,[1.0],A
LYS A185,185,LYS,chi3,[170.0],1,[1.0],A
LYS A185,185,LYS,chi4,[160.0],1,[1.0],A
VAL A186,186,VAL,chi1,"[175.0, 295.0]",2,"[0.4449119942955791, 0.555088005704421]",A
ILE A187,187,ILE,chi1,"[180.0, 300.0]",2,"[0.5037955465587044, 0.49620445344129555]",A
ILE A187,187,ILE,chi2,"[165.0, 340.0]",2,"[0.923989471027296, 0.07601052897270398]",A
LEU A188,188,LEU,chi1,[295.0],1,[1.0],A
LEU A188,188,LEU,chi2,"[165.0, 295.0]",2,"[0.3753285490682496, 0.6246714509317505]",A
HIS A189,189,HIS,chi1,[300.0],1,[1.0],A
HIS A189,189,HIS,chi2,"[90.0, 270.0]",2,"[0.28697480116755475, 0.7130251988324452]",A
LEU A190,190,LEU,chi1,[300.0],1,[1.0],A
LEU A190,190,LEU,chi2,"[175.0, 290.0]",2,"[0.625934803451582, 0.374065196548418]",A
LYS A191,191,LYS,chi1,[290.0],1,[1.0],A
LYS A191,191,LYS,chi2,[155.0],1,[1.0],A
LYS A191,191,LYS,chi3,"[70.0, 175.0]",2,"[0.160065756196257, 0.8399342438037429]",A
LYS A191,191,LYS,chi4,[190.0],1,[1.0],A
GLU A192,192,GLU,chi1,"[45.0, 195.0]",2,"[0.290382430019249, 0.709617569980751]",A
GLU A192,192,GLU,chi2,[170.0],1,[1.0],A
GLU A192,192,GLU,chi3,[170.0],1,[1.0],A
ASP A193,193,ASP,chi1,[55.0],1,[1.0],A
ASP A193,193,ASP,chi2,"[165.0, 340.0]",2,"[0.5479566794260777, 0.4520433205739222]",A
GLN A194,194,GLN,chi1,[295.0],1,[1.0],A
GLN A194,194,GLN,chi2,[290.0],1,[1.0],A
GLN A194,194,GLN,chi3,"[140.0, 320.0]",2,"[0.5101554018774439, 0.48984459812255604]",A
THR A195,195,THR,chi1,"[60.0, 300.0]",2,"[0.6271882665773869, 0.3728117334226131]",A
GLU A196,196,GLU,chi1,[60.0],1,[1.0],A
GLU A196,196,GLU,chi2,[175.0],1,[1.0],A
GLU A196,196,GLU,chi3,"[75.0, 260.0]",2,"[0.49249189723045245, 0.5075081027695475]",A
TYR A197,197,TYR,chi1,[290.0],1,[1.0],A
TYR A197,197,TYR,chi2,"[110.0, 285.0]",2,"[0.44266322333345526, 0.5573367766665448]",A
LEU A198,198,LEU,chi1,[295.0],1,[1.0],A
LEU A198,198,LEU,chi2,"[160.0, 295.0]",2,"[0.5476629531981042, 0.4523370468018958]",A
GLU A199,199,GLU,chi1,[295.0],1,[1.0],A
GLU A199,199,GLU,chi2,[285.0],1,[1.0],A
GLU A199,199,GLU,chi3,"[155.0, 335.0]",2,"[0.5106097329151222, 0.48939026708487776]",A
GLU A200,200,GLU,chi1,[175.0],1,[1.0],A
GLU A200,200,GLU,chi2,[180.0],1,[1.0],A
GLU A200,200,GLU,chi3,"[10.0, 190.0]",2,"[0.31759241884030776, 0.6824075811596924]",A
ARG A201,201,ARG,chi1,"[55.0, 245.0]",2,"[0.7583231750755933, 0.2416768249244067]",A
ARG A201,201,ARG,chi2,[160.0],1,[1.0],A
ARG A201,201,ARG,chi3,"[15.0, 190.0]",2,"[0.8003381135595197, 0.19966188644048036]",A
ARG A201,201,ARG,chi4,"[170.0, 340.0]",2,"[0.7730990420997599, 0.2269009579002401]",A
ARG A202,202,ARG,chi1,[180.0],1,[1.0],A
ARG A202,202,ARG,chi2,[65.0],1,[1.0],A
ARG A202,202,ARG,chi3,"[170.0, 265.0]",2,"[0.9505943632191021, 0.04940563678089787]",A
ARG A202,202,ARG,chi4,"[105.0, 275.0]",2,"[0.8755236695394298, 0.1244763304605702]",A
ILE A203,203,ILE,chi1,"[170.0, 295.0]",2,"[0.4906920077972709, 0.509307992202729]",A
ILE A203,203,ILE,chi2,"[160.0, 295.0]",2,"[0.8334718823543186, 0.16652811764568135]",A
LYS A204,204,LYS,chi1,[255.0],1,[1.0],A
LYS A204,204,LYS,chi2,[190.0],1,[1.0],A
LYS A204,204,LYS,chi3,[210.0],1,[1.0],A
LYS A204,204,LYS,chi4,[145.0],1,[1.0],A
GLU A205,205,GLU,chi1,[165.0],1,[1.0],A
GLU A205,205,GLU,chi2,[190.0],1,[1.0],A
GLU A205,205,GLU,chi3,"[55.0, 235.0]",2,"[0.5324230798164448, 0.4675769201835553]",A
ILE A206,206,ILE,chi1,"[170.0, 295.0]",2,"[0.4403872545923319, 0.5596127454076681]",A
ILE A206,206,ILE,chi2,"[40.0, 160.0]",2,"[0.08785864807910518, 0.9121413519208947]",A
VAL A207,207,VAL,chi1,"[160.0, 290.0]",2,"[0.6215581039858318, 0.3784418960141683]",A
LYS A208,208,LYS,chi1,"[180.0, 280.0]",2,"[0.873805084494954, 0.12619491550504602]",A
LYS A208,208,LYS,chi2,[165.0],1,[1.0],A
LYS A208,208,LYS,chi3,[165.0],1,[1.0],A
LYS A208,208,LYS,chi4,"[180.0, 255.0]",2,"[0.2972505091649694, 0.7027494908350306]",A
LYS A209,209,LYS,chi1,[175.0],1,[1.0],A
LYS A209,209,LYS,chi2,[155.0],1,[1.0],A
LYS A209,209,LYS,chi3,[180.0],1,[1.0],A
LYS A209,209,LYS,chi4,[115.0],1,[1.0],A
HIS A210,210,HIS,chi1,[290.0],1,[1.0],A
HIS A210,210,HIS,chi2,"[105.0, 295.0]",2,"[0.3395162625920779, 0.6604837374079221]",A
SER A211,211,SER,chi1,[300.0],1,[1.0],A
GLN A212,212,GLN,chi1,[25.0],1,[1.0],A
GLN A212,212,GLN,chi2,[270.0],1,[1.0],A
GLN A212,212,GLN,chi3,"[50.0, 240.0]",2,"[0.6488933215696805, 0.35110667843031956]",A
PHE A213,213,PHE,chi1,"[80.0, 290.0]",2,"[0.2690127012684762, 0.7309872987315237]",A
PHE A213,213,PHE,chi2,"[115.0, 300.0]",2,"[0.43277851642765214, 0.5672214835723479]",A
ILE A214,214,ILE,chi1,"[170.0, 285.0]",2,"[0.45451806796826816, 0.5454819320317319]",A
ILE A214,214,ILE,chi2,[285.0],1,[1.0],A
TYR A216,216,TYR,chi1,[295.0],1,[1.0],A
TYR A216,216,TYR,chi2,"[95.0, 275.0]",2,"[0.45188562858317816, 0.5481143714168218]",A
PRO A217,217,PRO,chi1,[345.0],1,[1.0],A
PRO A217,217,PRO,chi2,[15.0],1,[1.0],A
PRO A217,217,PRO,chi3,[340.0],1,[1.0],A
ILE A218,218,ILE,chi1,"[175.0, 295.0]",2,"[0.475996328581788, 0.5240036714182121]",A
ILE A218,218,ILE,chi2,[160.0],1,[1.0],A
THR A219,219,THR,chi1,"[180.0, 295.0]",2,"[0.3980176026117832, 0.6019823973882168]",A
LEU A220,220,LEU,chi1,[175.0],1,[1.0],A
LEU A220,220,LEU,chi2,"[40.0, 170.0]",2,"[0.6086669801124741, 0.39133301988752583]",A
PHE A221,221,PHE,chi1,"[45.0, 285.0]",2,"[0.04983139421973483, 0.9501686057802652]",A
PHE A221,221,PHE,chi2,"[20.0, 195.0]",2,"[0.47736121349294525, 0.5226387865070549]",A
VAL A222,222,VAL,chi1,"[175.0, 300.0]",2,"[0.49043947457652104, 0.509560525423479]",A
GLU A223,223,GLU,chi1,[285.0],1,[1.0],A
GLU A223,223,GLU,chi2,"[75.0, 195.0]",2,"[0.03833007812499999, 0.961669921875]",A
GLU A223,223,GLU,chi3,"[70.0, 255.0]",2,"[0.5641818695638522, 0.43581813043614775]",A
